"1678","B2"
"1678","B1"
"1678","A"
"1677","F"
"1677","E"
"1677","D"
"1677","C"
"1677","B"
"1677","A"
"1675","G"
"1675","F"
"1675","E"
"1675","D"
"1675","C"
"1675","B"
"1675","A"
"1674","G"
"1674","F"
"1674","E"
"1674","D"
"1674","C"
"1674","B"
"1674","A"
"1673","F"
"1673","E"
"1673","D"
"1673","C"
"1673","B"
"1673","A"
"1672","I"
"1672","H"
"1672","G"
"1672","F2"
"1672","F1"
"1672","E"
"1672","D"
"1672","C"
"1672","B"
"1672","A"
"1671","F"
"1671","E"
"1671","D"
"1671","C"
"1671","B"
"1671","A"
"1670","F"
"1670","E"
"1670","D"
"1670","C"
"1670","B"
"1670","A"
"1669","H"
"1669","G"
"1669","F"
"1669","E"
"1669","D"
"1669","C"
"1669","B"
"1669","A"
"1668","B"
"1668","A"
"1667","F"
"1667","E"
"1667","D"
"1667","C"
"1667","B"
"1667","A"
"1666","L"
"1666","K"
"1666","J"
"1666","I"
"1666","H"
"1666","G"
"1666","F"
"1666","E"
"1666","D"
"1666","C"
"1666","B"
"1666","A"
"1665","E"
"1665","D"
"1665","C"
"1665","B"
"1665","A"
"1663","H"
"1663","G"
"1663","F"
"1663","E"
"1663","D"
"1663","C"
"1663","B"
"1663","A"
"1662","O"
"1662","N"
"1662","M"
"1662","L"
"1662","K"
"1662","J"
"1662","I"
"1662","H"
"1662","G"
"1662","F"
"1662","E"
"1662","D"
"1662","C"
"1662","B"
"1662","A"
"1661","F"
"1661","E"
"1661","D"
"1661","C"
"1661","B"
"1661","A"
"1660","F2"
"1660","F1"
"1660","E"
"1660","D"
"1660","C"
"1660","B"
"1660","A"
"1659","F"
"1659","E"
"1659","D"
"1659","C"
"1659","B"
"1659","A"
"1658","F"
"1658","E"
"1658","D2"
"1658","D1"
"1658","C"
"1658","B"
"1658","A"
"1657","F"
"1657","E"
"1657","D"
"1657","C"
"1657","B"
"1657","A"
"1656","I"
"1656","H"
"1656","G"
"1656","F"
"1656","E"
"1656","D"
"1656","C"
"1656","B"
"1656","A"
"1654","H"
"1654","G"
"1654","F"
"1654","E"
"1654","D"
"1654","C"
"1654","B"
"1654","A"
"1651","F"
"1651","E"
"1651","D"
"1651","C"
"1651","B"
"1651","A"
"1650","G"
"1650","F"
"1650","E"
"1650","D"
"1650","C"
"1650","B"
"1650","A"
"1649","B"
"1649","A"
"1648","F"
"1648","E"
"1648","D"
"1648","C"
"1648","B"
"1648","A"
"1647","F"
"1647","E"
"1647","D"
"1647","C"
"1647","B"
"1647","A"
"1646","F"
"1646","E"
"1646","D"
"1646","C"
"1646","B"
"1646","A"
"1644","F"
"1644","E"
"1644","D"
"1644","C"
"1644","B"
"1644","A"
"1642","B"
"1642","A"
"1641","F"
"1641","E"
"1641","D"
"1641","C"
"1641","B"
"1641","A"
"1639","K"
"1639","J"
"1639","I"
"1639","H"
"1639","G"
"1639","F"
"1639","E"
"1639","D"
"1639","C"
"1639","B"
"1639","A"
"1638","F"
"1638","E"
"1638","D"
"1638","C"
"1638","B"
"1638","A"
"1637","H"
"1637","G"
"1637","F"
"1637","E"
"1637","D"
"1637","C"
"1637","B"
"1637","A"
"1635","F"
"1635","E"
"1635","D"
"1635","C"
"1635","B"
"1635","A"
"1634","F"
"1634","E"
"1634","D"
"1634","C"
"1634","B"
"1634","A"
"1633","F"
"1633","E"
"1633","D"
"1633","C"
"1633","B"
"1633","A"
"1632","E2"
"1632","E1"
"1632","D"
"1632","C"
"1632","B"
"1632","A"
"1631","B"
"1631","A"
"1630","F"
"1630","E"
"1630","D"
"1630","C"
"1630","B"
"1630","A"
"1629","B"
"1629","A"
"1628","F"
"1628","E"
"1628","D2"
"1628","D1"
"1628","C"
"1628","B"
"1628","A"
"1627","F"
"1627","E"
"1627","D"
"1627","C"
"1627","B"
"1627","A"
"1626","F"
"1626","E"
"1626","D"
"1626","C"
"1626","B"
"1626","A"
"1625","E2"
"1625","E1"
"1625","D"
"1625","C"
"1625","B"
"1625","A"
"1624","G"
"1624","F"
"1624","E"
"1624","D"
"1624","C"
"1624","B"
"1624","A"
"1623","E"
"1623","D"
"1623","C"
"1623","B"
"1623","A"
"1622","F"
"1622","E"
"1622","D"
"1622","C"
"1622","B"
"1622","A"
"1621","I"
"1621","H"
"1621","G"
"1621","F"
"1621","E"
"1621","D"
"1621","C"
"1621","B"
"1621","A"
"1620","G"
"1620","F"
"1620","E"
"1620","D"
"1620","C"
"1620","B"
"1620","A"
"1619","H"
"1619","G"
"1619","F"
"1619","E"
"1619","D"
"1619","C"
"1619","B"
"1619","A"
"1618","G"
"1618","F"
"1618","E"
"1618","D"
"1618","C"
"1618","B"
"1618","A"
"1617","E"
"1617","D2"
"1617","D1"
"1617","C"
"1617","B"
"1617","A"
"1616","H"
"1616","G"
"1616","F"
"1616","E"
"1616","D"
"1616","C"
"1616","B"
"1616","A"
"1615","H"
"1615","G"
"1615","F"
"1615","E"
"1615","D"
"1615","C"
"1615","B"
"1615","A"
"1614","E"
"1614","D2"
"1614","D1"
"1614","C"
"1614","B"
"1614","A"
"1613","F"
"1613","E"
"1613","D"
"1613","C"
"1613","B"
"1613","A"
"1612","G"
"1612","F"
"1612","E"
"1612","D"
"1612","C"
"1612","B"
"1612","A"
"1611","G"
"1611","F"
"1611","E2"
"1611","E1"
"1611","D"
"1611","C"
"1611","B"
"1611","A"
"1610","I"
"1610","H"
"1610","G"
"1610","F"
"1610","E"
"1610","D"
"1610","C"
"1610","B"
"1610","A"
"1609","H"
"1609","G"
"1609","F"
"1609","E"
"1609","D"
"1609","C"
"1609","B"
"1609","A"
"1608","G"
"1608","F"
"1608","E"
"1608","D"
"1608","C"
"1608","B"
"1608","A"
"1607","H"
"1607","G"
"1607","F"
"1607","E"
"1607","D"
"1607","C"
"1607","B"
"1607","A"
"1606","F"
"1606","E"
"1606","D"
"1606","C"
"1606","B"
"1606","A"
"1605","F"
"1605","E"
"1605","D"
"1605","C"
"1605","B"
"1605","A"
"1604","B"
"1604","A"
"1603","F"
"1603","E"
"1603","D"
"1603","C"
"1603","B"
"1603","A"
"1602","B"
"1602","A"
"1601","F"
"1601","E"
"1601","D"
"1601","C"
"1601","B"
"1601","A"
"1600","J"
"1600","F"
"1600","E"
"1599","J"
"1599","I"
"1599","H"
"1599","G"
"1599","F"
"1599","E"
"1599","D"
"1599","C"
"1599","B"
"1599","A"
"1598","G"
"1598","F"
"1598","E"
"1598","D"
"1598","C"
"1598","B"
"1598","A"
"1594","F"
"1594","E2"
"1594","E1"
"1594","D"
"1594","C"
"1594","B"
"1594","A"
"1593","G"
"1593","F"
"1593","E"
"1593","D2"
"1593","D1"
"1593","C"
"1593","B"
"1593","A"
"1592","F2"
"1592","F1"
"1592","E"
"1592","D"
"1592","C"
"1592","B"
"1592","A"
"1588","F"
"1586","I"
"1585","G"
"1585","F"
"1585","E"
"1585","D"
"1585","C"
"1585","B"
"1585","A"
"1584","G"
"1584","F"
"1584","E"
"1584","D"
"1584","C"
"1584","B"
"1584","A"
"1583","H"
"1583","G"
"1583","F"
"1583","E"
"1583","D"
"1583","C"
"1583","B"
"1583","A"
"1582","G"
"1582","F2"
"1582","F1"
"1582","E"
"1582","D"
"1582","C"
"1582","B"
"1582","A"
"1581","B"
"1581","A"
"1580","F"
"1580","E"
"1580","D"
"1580","C"
"1580","B"
"1580","A"
"1579","G"
"1579","F"
"1579","E2"
"1579","E1"
"1579","D"
"1579","C"
"1579","B"
"1579","A"
"1578","M"
"1578","L"
"1578","K"
"1578","J"
"1578","I"
"1578","H"
"1578","G"
"1578","F"
"1578","E"
"1578","D"
"1578","C"
"1578","B"
"1578","A"
"1576","A"
"1575","M"
"1575","L"
"1575","K"
"1575","J"
"1575","I"
"1575","H"
"1575","G"
"1575","F"
"1575","E"
"1575","D"
"1575","C"
"1575","B"
"1575","A"
"1574","F"
"1574","E"
"1574","D"
"1574","C"
"1574","B"
"1574","A"
"1573","B"
"1573","A"
"1572","F"
"1572","E"
"1572","D"
"1572","C"
"1572","B"
"1572","A"
"1571","J"
"1571","I"
"1571","H"
"1571","G"
"1571","F"
"1571","E"
"1571","D"
"1571","C"
"1571","B"
"1571","A"
"1569","F"
"1569","E"
"1569","D"
"1569","C"
"1569","B"
"1569","A"
"1567","F"
"1567","E"
"1567","D"
"1567","C"
"1567","B"
"1567","A"
"1566","H"
"1566","G"
"1566","F"
"1566","E"
"1566","D2"
"1566","D1"
"1566","C"
"1566","B"
"1566","A"
"1562","F"
"1562","E"
"1562","D2"
"1562","D1"
"1562","C"
"1562","B"
"1562","A"
"1561","D1"
"1561","C"
"1561","A"
"1560","F2"
"1560","F1"
"1560","E"
"1560","D"
"1560","C"
"1560","B"
"1560","A"
"1559","E"
"1559","D2"
"1559","D1"
"1559","C"
"1559","B"
"1559","A"
"1558","F"
"1558","E"
"1558","D"
"1558","C"
"1558","B"
"1558","A"
"1557","E"
"1557","D"
"1557","C"
"1557","B"
"1557","A"
"1556","H"
"1556","G"
"1556","F"
"1556","E"
"1556","D"
"1556","C"
"1556","B"
"1556","A"
"1555","F"
"1555","E"
"1555","D"
"1555","C"
"1555","B"
"1555","A"
"1554","E"
"1554","D"
"1554","C"
"1554","B"
"1554","A"
"1553","I"
"1553","H"
"1553","G"
"1553","F"
"1553","E"
"1553","D"
"1553","C"
"1553","B"
"1553","A"
"1552","I"
"1552","H"
"1552","G"
"1552","F"
"1552","E"
"1552","D"
"1552","C"
"1552","B"
"1552","A"
"1551","F"
"1551","E"
"1551","D2"
"1551","D1"
"1551","C"
"1551","B2"
"1551","B1"
"1551","A"
"1550","F"
"1550","E"
"1550","D"
"1550","C"
"1550","B"
"1550","A"
"1549","B"
"1549","A"
"1548","E"
"1548","D2"
"1548","D1"
"1548","C"
"1548","B"
"1548","A"
"1547","G"
"1547","F"
"1547","E"
"1547","D"
"1547","C"
"1547","B"
"1547","A"
"1546","B"
"1546","A"
"1545","F"
"1545","E2"
"1545","E1"
"1545","D"
"1545","C"
"1545","B"
"1545","A"
"1543","E"
"1543","D2"
"1543","D1"
"1543","C"
"1543","B"
"1543","A"
"1542","E2"
"1542","E1"
"1542","D"
"1542","C"
"1542","B"
"1542","A"
"1541","B"
"1541","A"
"1540","E"
"1540","D"
"1540","C2"
"1540","C1"
"1540","B"
"1540","A"
"1539","F"
"1539","E"
"1539","D"
"1539","C"
"1539","B"
"1539","A"
"1538","G"
"1538","F"
"1538","E"
"1538","D"
"1538","C"
"1538","B"
"1538","A"
"1537","F"
"1537","E2"
"1537","E1"
"1537","D"
"1537","C"
"1537","B"
"1537","A"
"1536","F"
"1536","E"
"1536","D"
"1536","C"
"1536","B"
"1536","A"
"1535","F"
"1535","E"
"1535","D"
"1535","C"
"1535","B"
"1535","A"
"1534","H"
"1534","G"
"1534","F2"
"1534","F1"
"1534","E"
"1534","D"
"1534","C"
"1534","B"
"1534","A"
"1533","J"
"1533","I"
"1533","H"
"1533","G"
"1533","F"
"1533","E"
"1533","D"
"1533","C"
"1533","B"
"1533","A"
"1532","F"
"1532","E"
"1532","D"
"1532","C"
"1532","B"
"1532","A"
"1531","E3"
"1531","E2"
"1531","E1"
"1531","D"
"1531","C"
"1531","B2"
"1531","B1"
"1531","A"
"1530","H"
"1530","G"
"1530","F"
"1530","E"
"1530","D"
"1530","C"
"1530","B"
"1530","A"
"1529","B"
"1529","A"
"1528","F"
"1528","E"
"1528","D"
"1528","C"
"1528","B"
"1528","A"
"1527","E"
"1527","D"
"1527","C"
"1527","B2"
"1527","B1"
"1527","A"
"1526","F"
"1526","E"
"1526","D"
"1526","C2"
"1526","C1"
"1526","B"
"1526","A"
"1525","F"
"1525","E"
"1525","D"
"1525","C"
"1525","B"
"1525","A"
"1523","H"
"1523","G"
"1523","F"
"1523","E"
"1523","D"
"1523","C"
"1523","B"
"1523","A"
"1521","E"
"1521","D"
"1521","C"
"1521","B"
"1521","A"
"1520","G"
"1520","F2"
"1520","F1"
"1520","E"
"1520","D"
"1520","C"
"1520","B"
"1520","A"
"1519","F"
"1519","E"
"1519","D"
"1519","C"
"1519","B"
"1519","A"
"1517","H"
"1517","G"
"1517","F"
"1517","E"
"1517","D"
"1517","C"
"1517","B"
"1517","A"
"1516","E"
"1516","D"
"1516","C"
"1516","B"
"1516","A"
"1515","I"
"1515","H"
"1515","G"
"1515","F"
"1515","E"
"1515","D"
"1515","C"
"1515","B"
"1515","A"
"1514","E"
"1514","D"
"1514","C"
"1514","B"
"1514","A"
"1513","F"
"1513","E"
"1513","D"
"1513","C"
"1513","B"
"1513","A"
"1512","G"
"1512","F"
"1512","E"
"1512","D"
"1512","C"
"1512","B"
"1512","A"
"1511","G"
"1511","F"
"1511","E"
"1511","D"
"1511","C"
"1511","B"
"1511","A"
"1510","K"
"1510","J"
"1510","I"
"1510","H"
"1510","G"
"1510","F"
"1510","E"
"1510","D"
"1510","C"
"1510","B"
"1510","A"
"1509","C"
"1509","B"
"1509","A"
"1508","F"
"1508","E"
"1508","D"
"1508","C"
"1508","B"
"1508","A"
"1506","G"
"1506","F"
"1506","E"
"1506","D"
"1506","C"
"1506","B"
"1506","A"
"1505","I"
"1505","H"
"1505","G"
"1505","F"
"1505","E"
"1505","D"
"1505","C"
"1505","B"
"1505","A"
"1504","B"
"1504","A"
"1503","F"
"1503","E"
"1503","D"
"1503","C"
"1503","B"
"1503","A"
"1501","B"
"1501","A"
"1500","F"
"1500","E"
"1500","D"
"1500","C"
"1500","B"
"1500","A"
"1499","G"
"1499","F"
"1499","E"
"1499","D"
"1499","C"
"1499","B"
"1499","A"
"1498","F"
"1498","E"
"1498","D"
"1498","C"
"1498","B"
"1498","A"
"1497","E2"
"1497","E1"
"1497","D"
"1497","C2"
"1497","C1"
"1497","B"
"1497","A"
"1496","B"
"1496","A"
"1495","F"
"1495","E"
"1495","D"
"1495","C"
"1495","B"
"1495","A"
"1494","F"
"1494","E"
"1494","D"
"1494","C"
"1494","B"
"1494","A"
"1493","F"
"1493","E"
"1493","D"
"1493","C"
"1493","B"
"1493","A"
"1492","E"
"1492","D"
"1492","C"
"1492","B"
"1492","A"
"1491","I"
"1491","H"
"1491","G"
"1491","F"
"1491","E"
"1491","D"
"1491","C"
"1491","B"
"1491","A"
"1490","G"
"1490","F"
"1490","E"
"1490","D"
"1490","C"
"1490","B"
"1490","A"
"1488","J"
"1488","I"
"1488","H"
"1488","G"
"1488","F"
"1488","E"
"1488","D"
"1488","C"
"1488","B"
"1488","A"
"1487","G"
"1487","F"
"1487","E"
"1487","D"
"1487","C"
"1487","B"
"1487","A"
"1486","F"
"1486","E"
"1486","D"
"1486","C2"
"1486","C1"
"1486","B"
"1486","A"
"1485","F"
"1485","E"
"1485","D"
"1485","C"
"1485","B"
"1485","A"
"1482","H"
"1482","G"
"1482","F"
"1482","E"
"1482","D"
"1482","C"
"1482","B"
"1482","A"
"1481","F"
"1481","E"
"1481","D"
"1481","C"
"1481","B"
"1481","A"
"1480","B"
"1480","A"
"1479","E"
"1479","D"
"1479","C"
"1479","B2"
"1479","B1"
"1479","A"
"1478","C"
"1478","B"
"1478","A"
"1477","F"
"1477","E"
"1477","D"
"1477","C"
"1477","B"
"1477","A"
"1476","G"
"1476","F"
"1476","E"
"1476","D"
"1476","C"
"1476","B"
"1476","A"
"1475","G"
"1475","F"
"1475","E"
"1475","D"
"1475","C"
"1475","B"
"1475","A"
"1474","F"
"1474","E"
"1474","D"
"1474","C"
"1474","B"
"1474","A"
"1473","G"
"1473","F"
"1473","E"
"1473","D"
"1473","C"
"1473","B"
"1473","A"
"1472","G"
"1472","F"
"1472","E"
"1472","D"
"1472","C"
"1472","B"
"1472","A"
"1471","B"
"1471","A"
"1470","F"
"1470","E"
"1470","D"
"1470","C"
"1470","B"
"1470","A"
"1469","F"
"1469","E"
"1469","D"
"1469","C"
"1469","B"
"1469","A"
"1468","N"
"1468","M"
"1468","L"
"1468","K"
"1468","J"
"1468","I"
"1468","H"
"1468","G"
"1468","F"
"1468","E"
"1468","D"
"1468","C"
"1468","B"
"1468","A"
"1467","E"
"1467","D"
"1467","C"
"1467","B"
"1467","A"
"1466","I"
"1466","H"
"1466","G"
"1466","F"
"1466","E"
"1466","D"
"1466","C"
"1466","B"
"1466","A"
"1464","F"
"1463","F"
"1463","E"
"1463","D"
"1463","C"
"1463","B"
"1463","A"
"1462","F"
"1462","E2"
"1462","E1"
"1462","D"
"1462","C"
"1462","B"
"1462","A"
"1461","F"
"1461","E"
"1461","D"
"1461","C"
"1461","B"
"1461","A"
"1459","B"
"1459","A"
"1458","F"
"1458","E"
"1458","D"
"1458","C"
"1458","B"
"1458","A"
"1456","E"
"1455","G"
"1455","F"
"1455","E"
"1455","D"
"1455","C"
"1455","B"
"1455","A"
"1454","F"
"1454","E"
"1454","D"
"1454","C"
"1454","B"
"1454","A"
"1453","F"
"1453","E"
"1453","D"
"1453","C"
"1453","B"
"1453","A"
"1452","G"
"1452","F"
"1452","E"
"1452","D"
"1452","C"
"1452","B"
"1452","A"
"1451","F"
"1451","E2"
"1451","E1"
"1451","D"
"1451","C"
"1451","B"
"1451","A"
"1450","H2"
"1450","H1"
"1450","G"
"1450","F"
"1450","E"
"1450","D"
"1450","C2"
"1450","C1"
"1450","B"
"1450","A"
"1447","B"
"1447","A"
"1446","F"
"1446","E"
"1446","D2"
"1446","D1"
"1446","C"
"1446","B"
"1446","A"
"1445","B"
"1445","A"
"1444","E"
"1444","D"
"1444","C"
"1444","B"
"1444","A"
"1443","E"
"1443","C"
"1443","B"
"1443","A"
"1442","F"
"1442","E"
"1442","D"
"1442","C"
"1442","B"
"1442","A"
"1440","B"
"1440","A"
"1439","E"
"1439","D"
"1439","C"
"1439","B"
"1439","A2"
"1439","A1"
"1438","F"
"1438","E"
"1438","D"
"1438","C"
"1438","B"
"1438","A"
"1437","G"
"1437","F"
"1437","E"
"1437","D"
"1437","C"
"1437","B"
"1437","A"
"1436","F"
"1436","E"
"1436","D"
"1436","C"
"1436","B"
"1436","A"
"1434","E"
"1433","G"
"1433","F"
"1433","E"
"1433","D"
"1433","C"
"1433","B"
"1433","A"
"1431","J"
"1431","I"
"1431","H"
"1431","G"
"1431","F"
"1431","E"
"1431","D"
"1431","C"
"1431","B"
"1431","A"
"1430","G"
"1430","F"
"1430","E"
"1430","D"
"1430","C"
"1430","B"
"1430","A"
"1428","H"
"1428","G2"
"1428","G1"
"1428","F"
"1428","E"
"1428","D"
"1428","C"
"1428","B"
"1428","A"
"1427","H"
"1427","G"
"1427","F"
"1427","E"
"1427","D"
"1427","C"
"1427","B"
"1427","A"
"1426","F"
"1426","E"
"1426","D"
"1426","C"
"1426","B"
"1426","A"
"1425","I"
"1425","H"
"1425","F"
"1425","E"
"1425","D"
"1425","C"
"1425","B"
"1425","A"
"1424","M"
"1424","G"
"1423","N"
"1423","M"
"1423","L"
"1423","K"
"1423","J"
"1423","I"
"1423","H"
"1423","G"
"1423","F"
"1423","E"
"1423","D"
"1423","C"
"1423","B"
"1423","A"
"1422","F"
"1422","E"
"1422","D"
"1422","C"
"1422","B"
"1422","A"
"1421","E"
"1421","D"
"1421","C"
"1421","B"
"1421","A"
"1420","E"
"1420","D"
"1420","C2"
"1420","C1"
"1420","B"
"1420","A"
"1419","F"
"1419","E"
"1419","D2"
"1419","D1"
"1419","C"
"1419","B"
"1419","A"
"1418","G"
"1418","F"
"1418","E"
"1418","D"
"1418","C"
"1418","B"
"1418","A"
"1417","B"
"1417","A"
"1416","F"
"1416","E"
"1416","D"
"1416","C"
"1416","B"
"1416","A"
"1415","F"
"1415","E"
"1415","D"
"1415","C"
"1415","B"
"1415","A"
"1413","F"
"1413","E"
"1413","D"
"1413","C"
"1413","B"
"1413","A"
"1411","G"
"1411","F"
"1411","E"
"1411","D"
"1411","C"
"1411","B"
"1411","A"
"1409","F"
"1409","E"
"1409","D"
"1409","C"
"1409","B"
"1409","A"
"1408","I"
"1408","H"
"1408","G"
"1408","F"
"1408","E"
"1408","D"
"1408","C"
"1408","B"
"1408","A"
"1407","E"
"1407","D"
"1407","C"
"1407","B"
"1407","A"
"1406","E"
"1406","D"
"1406","C"
"1406","B"
"1406","A"
"1405","B"
"1405","A"
"1404","E"
"1404","D"
"1404","C"
"1404","B"
"1404","A"
"1403","C"
"1403","B"
"1403","A"
"1402","C"
"1402","B"
"1402","A"
"1401","F"
"1401","E"
"1401","D"
"1401","C"
"1401","B"
"1401","A"
"1400","G"
"1400","F"
"1400","E"
"1400","D"
"1400","C"
"1400","B"
"1400","A"
"1399","F"
"1399","E2"
"1399","E1"
"1399","D"
"1399","C"
"1399","B"
"1399","A"
"1398","G"
"1398","F"
"1398","E"
"1398","D"
"1398","C"
"1398","B"
"1398","A"
"1397","B"
"1397","A"
"1396","E"
"1396","D"
"1396","C"
"1396","B"
"1396","A"
"1395","C"
"1395","B"
"1395","A"
"1394","E"
"1394","D"
"1394","C"
"1394","B"
"1394","A"
"1393","E2"
"1393","E1"
"1393","D"
"1393","C"
"1393","B"
"1393","A"
"1392","I"
"1392","H"
"1392","G"
"1392","F"
"1392","E"
"1392","D"
"1392","C"
"1392","B"
"1392","A"
"1391","E"
"1391","D"
"1391","C"
"1391","B"
"1391","A"
"1389","G"
"1389","F"
"1389","E"
"1389","D"
"1389","C"
"1389","B"
"1389","A"
"1388","E"
"1388","D"
"1388","C"
"1388","B"
"1388","A"
"1387","C"
"1387","B2"
"1387","B1"
"1387","A"
"1386","C"
"1386","B"
"1386","A"
"1385","G"
"1385","F"
"1385","E"
"1385","D"
"1385","C"
"1385","B"
"1385","A"
"1384","B2"
"1384","B1"
"1384","A"
"1383","F"
"1383","E"
"1383","D"
"1383","C"
"1383","B"
"1383","A"
"1382","B"
"1382","A"
"1381","E"
"1381","D"
"1381","C"
"1381","B"
"1381","A2"
"1381","A1"
"1380","G"
"1380","F"
"1380","E"
"1380","D"
"1380","C"
"1380","B"
"1380","A"
"1379","F2"
"1379","F1"
"1379","E"
"1379","D"
"1379","C"
"1379","B"
"1379","A"
"1375","I"
"1375","H"
"1375","G"
"1375","F"
"1375","E"
"1375","D"
"1375","C"
"1375","B"
"1375","A"
"1374","F"
"1374","E2"
"1374","E1"
"1374","D"
"1374","C"
"1374","B"
"1374","A"
"1373","G"
"1373","F"
"1373","E"
"1373","D"
"1373","C"
"1373","B"
"1373","A"
"1372","F"
"1372","E"
"1372","D"
"1372","C"
"1372","B"
"1372","A"
"1371","F"
"1371","E2"
"1371","E1"
"1371","D"
"1371","C"
"1371","B"
"1371","A"
"1370","F2"
"1370","F1"
"1370","E"
"1370","D"
"1370","C"
"1370","B"
"1370","A"
"1369","F"
"1369","E"
"1369","D"
"1369","C"
"1369","B"
"1369","A"
"1368","H2"
"1368","H1"
"1368","G"
"1368","F"
"1368","E"
"1368","D"
"1368","C"
"1368","B"
"1368","A"
"1367","F2"
"1367","F1"
"1367","E"
"1367","D"
"1367","C"
"1367","B"
"1367","A"
"1366","G"
"1366","F"
"1366","E"
"1366","D"
"1366","C"
"1366","B"
"1366","A"
"1365","G"
"1365","F"
"1365","E"
"1365","D"
"1365","C"
"1365","B"
"1365","A"
"1364","E"
"1364","D"
"1364","C"
"1364","B"
"1364","A"
"1363","F"
"1363","E"
"1363","D"
"1363","C"
"1363","B"
"1363","A"
"1362","C"
"1362","B"
"1362","A"
"1361","F"
"1361","E"
"1361","D"
"1361","C"
"1361","B"
"1361","A"
"1360","H"
"1360","G"
"1360","F"
"1360","E"
"1360","D"
"1360","C"
"1360","B"
"1360","A"
"1359","F"
"1359","E"
"1359","D"
"1359","C"
"1359","B"
"1359","A"
"1358","F"
"1358","E"
"1358","D"
"1358","C"
"1358","B"
"1358","A"
"1357","E2"
"1357","E1"
"1357","D5"
"1357","D4"
"1357","D3"
"1357","D2"
"1357","D1"
"1357","C2"
"1357","C1"
"1357","B2"
"1357","B1"
"1357","A7"
"1357","A6"
"1357","A5"
"1357","A4"
"1357","A3"
"1357","A2"
"1357","A1"
"1356","D2"
"1356","D1"
"1356","C"
"1356","B2"
"1356","B1"
"1356","A5"
"1356","A4"
"1356","A3"
"1356","A2"
"1356","A1"
"1355","F"
"1355","E"
"1355","D"
"1355","C"
"1355","B"
"1355","A"
"1354","G"
"1354","F"
"1354","E"
"1354","D"
"1354","C2"
"1354","C1"
"1354","B"
"1354","A"
"1353","F"
"1353","E"
"1353","D"
"1353","C"
"1353","B"
"1353","A"
"1352","G"
"1352","F"
"1352","E"
"1352","D"
"1352","C"
"1352","B"
"1352","A"
"1351","C"
"1351","B"
"1351","A"
"1350","B"
"1350","A"
"1349","F2"
"1349","F1"
"1349","E"
"1349","D"
"1349","C"
"1349","B"
"1349","A"
"1348","F"
"1348","E"
"1348","D"
"1348","C"
"1348","B"
"1348","A"
"1346","I"
"1346","H"
"1346","G"
"1346","F"
"1346","E"
"1346","D"
"1346","C"
"1346","B"
"1346","A"
"1345","B"
"1345","A"
"1344","F"
"1344","E"
"1344","D"
"1344","C"
"1344","B"
"1344","A"
"1343","F"
"1343","E"
"1343","D"
"1343","C"
"1343","B"
"1343","A"
"1342","F"
"1342","E"
"1342","D"
"1342","C"
"1342","B"
"1342","A"
"1341","B"
"1341","A"
"1340","F"
"1340","E"
"1340","D"
"1340","C"
"1340","B"
"1340","A"
"1339","B"
"1339","A"
"1338","E"
"1338","D"
"1338","C"
"1338","B"
"1338","A"
"1337","B"
"1337","A"
"1336","F"
"1336","E2"
"1336","E1"
"1336","D"
"1336","C"
"1336","B"
"1336","A"
"1335","F"
"1335","E2"
"1335","E1"
"1335","D"
"1335","C"
"1335","B"
"1335","A"
"1334","G"
"1334","F"
"1334","E"
"1334","D"
"1334","C"
"1334","B"
"1334","A"
"1333","F"
"1333","E"
"1333","D"
"1333","C"
"1333","B"
"1333","A"
"1332","G"
"1332","F"
"1332","E"
"1332","D"
"1332","C"
"1332","B"
"1332","A"
"1331","H"
"1331","G"
"1331","F"
"1331","E"
"1331","D"
"1331","C"
"1331","B"
"1331","A"
"1330","B"
"1330","A"
"1329","E"
"1329","D"
"1329","C"
"1329","B"
"1329","A"
"1328","F"
"1328","E"
"1328","D"
"1328","C"
"1328","B"
"1328","A"
"1327","G"
"1327","F"
"1327","E"
"1327","D"
"1327","C"
"1327","B"
"1327","A"
"1326","G"
"1326","F2"
"1326","F1"
"1326","E"
"1326","D2"
"1326","D1"
"1326","C"
"1326","B"
"1326","A"
"1325","F"
"1325","E"
"1325","D"
"1325","C"
"1325","B"
"1325","A"
"1324","F"
"1324","E"
"1324","D"
"1324","C"
"1324","B"
"1324","A"
"1323","B"
"1323","A"
"1322","F"
"1322","E"
"1322","D"
"1322","C"
"1322","B"
"1322","A"
"1321","C"
"1321","A"
"1320","F"
"1320","E"
"1320","D"
"1320","C"
"1320","B"
"1320","A"
"1316","F"
"1316","E"
"1316","D"
"1316","C"
"1316","B"
"1316","A"
"1315","C"
"1315","B"
"1315","A"
"1313","E"
"1313","D"
"1313","C2"
"1313","C1"
"1313","B"
"1313","A"
"1312","G"
"1312","F"
"1312","E"
"1312","D"
"1312","C"
"1312","B"
"1312","A"
"1311","F"
"1311","E"
"1311","D"
"1311","C"
"1311","B"
"1311","A"
"1310","F"
"1310","E"
"1310","D"
"1310","C"
"1310","B"
"1310","A"
"1307","G"
"1307","F"
"1307","E"
"1307","D"
"1307","C"
"1307","B"
"1307","A"
"1305","H"
"1305","G"
"1305","F"
"1305","E"
"1305","D"
"1305","C"
"1305","B"
"1305","A"
"1304","F2"
"1304","F1"
"1304","E"
"1304","D"
"1304","C"
"1304","B"
"1304","A"
"1303","G"
"1303","F"
"1303","E"
"1303","D"
"1303","C"
"1303","B"
"1303","A"
"1302","J"
"1302","I"
"1302","H"
"1302","G"
"1302","F"
"1302","E"
"1302","D"
"1302","C"
"1302","B"
"1302","A"
"1301","F"
"1301","E"
"1301","D"
"1301","C"
"1301","B"
"1301","A"
"1300","B"
"1300","A"
"1299","E"
"1299","D"
"1299","C"
"1299","B"
"1299","A"
"1297","I"
"1297","H"
"1297","G"
"1297","F"
"1297","E"
"1297","D"
"1297","C"
"1297","B"
"1297","A"
"1296","F"
"1296","E2"
"1296","E1"
"1296","D"
"1296","C"
"1296","B"
"1296","A"
"1295","F"
"1295","E"
"1295","D"
"1295","C"
"1295","B"
"1295","A"
"1294","F"
"1294","E"
"1294","D"
"1294","C"
"1294","B"
"1294","A"
"1293","B"
"1293","A"
"1292","F"
"1292","E"
"1292","D"
"1292","C"
"1292","B"
"1292","A"
"1291","F"
"1291","B"
"1291","A"
"1290","F"
"1290","E"
"1290","D"
"1290","C"
"1290","B"
"1290","A"
"1288","F"
"1288","E"
"1288","D"
"1288","C"
"1288","B"
"1288","A"
"1287","B"
"1287","A"
"1286","F"
"1286","E"
"1286","D"
"1286","C2"
"1286","C1"
"1286","B"
"1286","A"
"1285","F"
"1285","E"
"1285","D"
"1285","C"
"1285","B"
"1285","A"
"1284","G"
"1284","F"
"1284","E"
"1284","D"
"1284","C"
"1284","B"
"1284","A"
"1283","F"
"1283","E"
"1283","D"
"1283","C"
"1283","B"
"1283","A"
"1282","E"
"1282","D"
"1282","C"
"1282","B2"
"1282","B1"
"1282","A"
"1281","B"
"1281","A"
"1280","F"
"1280","E"
"1280","D"
"1280","C"
"1280","B"
"1280","A"
"1279","F"
"1279","E"
"1279","D"
"1279","C"
"1279","B"
"1279","A"
"1278","F"
"1278","E"
"1278","D"
"1278","C"
"1278","B"
"1278","A"
"1277","D"
"1277","B"
"1277","A"
"1276","F"
"1276","E"
"1276","D"
"1276","C"
"1276","B"
"1276","A"
"1275","F"
"1275","E3"
"1275","E2"
"1275","E1"
"1275","D"
"1275","C"
"1275","B"
"1275","A"
"1272","F"
"1272","E"
"1272","D"
"1272","C"
"1272","B"
"1272","A"
"1271","F"
"1271","E"
"1271","D"
"1271","C"
"1271","B"
"1271","A"
"1270","I"
"1270","H"
"1270","G"
"1270","F"
"1270","E"
"1270","D"
"1270","C"
"1270","B"
"1270","A"
"1269","B"
"1269","A"
"1268","E"
"1268","D"
"1268","C"
"1268","B"
"1268","A"
"1267","L"
"1267","K"
"1267","J"
"1267","I"
"1267","H"
"1267","G"
"1267","F"
"1267","E"
"1267","D"
"1267","C"
"1267","B"
"1267","A"
"1266","H"
"1266","G"
"1266","F"
"1266","E"
"1266","D"
"1266","C"
"1266","B"
"1266","A"
"1265","E"
"1265","B"
"1265","A"
"1264","F"
"1264","E"
"1264","D2"
"1264","D1"
"1264","C"
"1264","B"
"1264","A"
"1263","F"
"1263","E"
"1263","D"
"1263","C"
"1263","B"
"1263","A"
"1261","F"
"1260","F"
"1260","E"
"1260","D"
"1260","C"
"1260","B"
"1260","A"
"1257","G"
"1257","F"
"1257","E"
"1257","D"
"1257","C"
"1257","B"
"1257","A"
"1256","F"
"1256","E"
"1256","D"
"1256","C"
"1256","B"
"1256","A"
"1255","C"
"1255","B"
"1255","A"
"1254","E"
"1254","D"
"1254","C"
"1254","B2"
"1254","B1"
"1254","A"
"1253","F"
"1253","E"
"1253","D"
"1253","C"
"1253","B"
"1253","A"
"1252","L"
"1252","K"
"1252","J"
"1252","I"
"1252","H"
"1252","G"
"1252","F"
"1252","E"
"1252","D"
"1252","C"
"1252","B"
"1252","A"
"1251","F"
"1251","E2"
"1251","E1"
"1251","D"
"1251","C"
"1251","B"
"1251","A"
"1250","N"
"1250","M"
"1250","L"
"1250","K"
"1250","J"
"1250","I"
"1250","H"
"1250","G"
"1250","F"
"1250","E"
"1250","D"
"1250","C"
"1250","B"
"1250","A"
"1249","F"
"1249","E"
"1249","D2"
"1249","D1"
"1249","C2"
"1249","C1"
"1249","B2"
"1249","B1"
"1249","A"
"1248","D1"
"1248","B"
"1248","A"
"1246","F"
"1245","F"
"1245","E"
"1245","D"
"1245","C"
"1245","B"
"1245","A"
"1244","G"
"1244","F"
"1244","E"
"1244","D"
"1244","C"
"1244","B"
"1244","A"
"1243","B2"
"1243","B1"
"1243","A"
"1242","E"
"1242","D"
"1242","C"
"1242","B"
"1242","A"
"1240","F"
"1239","F"
"1239","E"
"1239","D"
"1239","C"
"1239","B"
"1239","A"
"1238","G"
"1238","F"
"1238","E"
"1238","D"
"1238","C"
"1238","B"
"1238","A"
"1237","H"
"1237","G"
"1237","F"
"1237","E"
"1237","D"
"1237","C2"
"1237","C1"
"1237","B"
"1237","A"
"1236","F"
"1236","E"
"1236","D"
"1236","C"
"1236","B"
"1236","A"
"1234","F"
"1234","E"
"1234","D"
"1234","C"
"1234","B2"
"1234","B1"
"1234","A"
"1231","E"
"1231","C"
"1230","B"
"1230","A"
"1228","F"
"1228","E"
"1228","D"
"1228","C"
"1228","B"
"1228","A"
"1227","G"
"1227","F2"
"1227","F1"
"1227","E"
"1227","D2"
"1227","D1"
"1227","C"
"1227","B"
"1227","A"
"1225","G"
"1225","F"
"1225","E"
"1225","D"
"1225","C"
"1225","B2"
"1225","B1"
"1225","A"
"1223","G"
"1223","F"
"1223","E"
"1223","D"
"1223","C"
"1223","B"
"1223","A"
"1221","G"
"1221","F"
"1221","E"
"1221","D"
"1221","C"
"1221","B"
"1221","A"
"1220","G"
"1220","F"
"1220","E"
"1220","D"
"1220","C"
"1220","B"
"1220","A"
"1219","G"
"1219","C"
"1218","I"
"1218","H"
"1218","G"
"1218","F"
"1218","E"
"1218","D"
"1218","C"
"1218","B"
"1218","A"
"1217","F"
"1217","E"
"1217","D"
"1217","C"
"1217","B"
"1217","A"
"1216","F"
"1216","E2"
"1216","E1"
"1216","D"
"1216","C"
"1216","B"
"1216","A"
"1215","F"
"1215","E"
"1215","D"
"1215","C"
"1215","B"
"1215","A"
"1214","H"
"1214","G"
"1214","F"
"1214","E"
"1214","D"
"1214","C"
"1214","B"
"1214","A"
"1213","G"
"1213","F"
"1213","E"
"1213","D2"
"1213","D1"
"1213","C"
"1213","B"
"1213","A"
"1211","I"
"1211","H"
"1211","G"
"1211","F"
"1211","E"
"1211","D"
"1211","C"
"1211","B"
"1211","A"
"1210","G"
"1210","F2"
"1210","F1"
"1210","E"
"1210","D"
"1210","C"
"1210","B"
"1210","A"
"1209","H"
"1209","G2"
"1209","G1"
"1209","F"
"1209","E2"
"1209","E1"
"1209","D"
"1209","C"
"1209","B"
"1209","A"
"1208","H"
"1208","G"
"1208","F"
"1208","E"
"1208","D"
"1208","C"
"1208","B"
"1208","A"
"1207","G"
"1207","F"
"1207","E"
"1207","D"
"1207","C"
"1207","B"
"1207","A"
"1206","B"
"1206","A"
"1205","F"
"1205","E"
"1205","D"
"1205","C"
"1205","B"
"1205","A"
"1204","E"
"1204","D2"
"1204","D1"
"1204","C"
"1204","B"
"1204","A"
"1203","F2"
"1203","F1"
"1203","E"
"1203","D2"
"1203","D1"
"1203","C"
"1203","B"
"1203","A"
"1202","F"
"1202","E"
"1202","D"
"1202","C"
"1202","B"
"1202","A"
"1201","E2"
"1201","E1"
"1201","D"
"1201","C"
"1201","B"
"1201","A"
"1200","F"
"1200","E"
"1200","D"
"1200","C"
"1200","B"
"1200","A"
"1199","B"
"1199","A"
"1198","F"
"1198","E"
"1198","D"
"1198","C"
"1198","B"
"1198","A"
"1197","F"
"1197","E"
"1197","D"
"1197","C"
"1197","B"
"1197","A"
"1196","F"
"1196","E"
"1196","D2"
"1196","D1"
"1196","C"
"1196","B"
"1196","A"
"1195","F"
"1195","E"
"1195","D2"
"1195","D1"
"1195","C"
"1195","B"
"1195","A"
"1194","G"
"1194","F"
"1194","E"
"1194","D"
"1194","C"
"1194","B"
"1194","A"
"1193","C"
"1193","B"
"1193","A"
"1192","C"
"1192","B"
"1192","A"
"1191","B"
"1191","A"
"1190","F"
"1190","E"
"1190","D"
"1190","C"
"1190","B"
"1190","A"
"1189","C"
"1189","B"
"1189","A"
"1188","E"
"1188","D"
"1188","C"
"1188","B"
"1188","A2"
"1188","A1"
"1187","G"
"1187","F"
"1187","E"
"1187","D"
"1187","C"
"1187","B"
"1187","A"
"1186","F"
"1186","E"
"1186","D"
"1186","C"
"1186","A"
"1185","G2"
"1185","G1"
"1185","F"
"1185","E"
"1185","D"
"1185","C2"
"1185","C1"
"1185","B"
"1185","A"
"1184","E3"
"1184","E2"
"1184","E1"
"1184","D2"
"1184","D1"
"1184","C3"
"1184","C2"
"1184","C1"
"1184","B3"
"1184","B2"
"1184","B1"
"1184","A3"
"1184","A2"
"1184","A1"
"1183","H"
"1183","G"
"1183","F"
"1183","E"
"1183","D"
"1183","C"
"1183","B"
"1183","A"
"1182","F"
"1182","E"
"1182","D"
"1182","C"
"1182","B"
"1182","A"
"1181","E2"
"1181","E1"
"1181","D"
"1181","C"
"1181","B"
"1181","A"
"1180","B"
"1180","A"
"1179","E"
"1179","D"
"1179","C"
"1179","B"
"1179","A"
"1178","H"
"1178","G"
"1178","F2"
"1178","F1"
"1178","E"
"1178","D"
"1178","C"
"1178","B"
"1178","A"
"1177","B"
"1177","A"
"1176","F"
"1176","E"
"1176","D"
"1176","C"
"1176","B"
"1176","A"
"1175","G"
"1175","F"
"1175","E"
"1175","D"
"1175","C"
"1175","B"
"1175","A"
"1174","F"
"1174","E"
"1174","D"
"1174","C"
"1174","B"
"1174","A"
"1173","B"
"1173","A"
"1172","F"
"1172","E"
"1172","D"
"1172","C2"
"1172","C1"
"1172","B"
"1172","A"
"1170","I"
"1170","H"
"1170","G"
"1170","F"
"1170","E"
"1170","D"
"1170","C"
"1170","B"
"1170","A"
"1169","B"
"1169","A"
"1168","E"
"1168","D"
"1168","C"
"1168","B"
"1168","A"
"1167","G"
"1167","F"
"1167","E"
"1167","D"
"1167","C"
"1167","B"
"1167","A"
"1166","F"
"1166","E"
"1166","D"
"1166","C"
"1166","B"
"1166","A"
"1165","F2"
"1165","F1"
"1165","E"
"1165","D"
"1165","C"
"1165","B"
"1165","A"
"1163","F"
"1163","E"
"1163","D"
"1163","C2"
"1163","C1"
"1163","B2"
"1163","B1"
"1163","A"
"1162","B"
"1162","A"
"1160","A2"
"1159","B"
"1159","A"
"1158","F"
"1158","E"
"1158","D"
"1158","C"
"1158","B"
"1158","A"
"1157","G"
"1157","F"
"1157","E"
"1157","D"
"1157","C2"
"1157","C1"
"1157","B"
"1157","A"
"1156","G"
"1156","F"
"1156","E"
"1156","D"
"1156","C"
"1156","B"
"1156","A"
"1155","F"
"1155","E"
"1155","D"
"1155","C"
"1155","B"
"1155","A"
"1154","G"
"1154","F"
"1154","E"
"1154","D"
"1154","C"
"1154","B"
"1154","A"
"1153","F"
"1153","E"
"1153","D"
"1153","C"
"1153","B"
"1153","A"
"1152","F2"
"1152","F1"
"1152","E"
"1152","D"
"1152","C"
"1152","B"
"1152","A"
"1151","F"
"1151","E"
"1151","D"
"1151","C"
"1151","B"
"1151","A"
"1150","B"
"1150","A"
"1149","E"
"1149","D"
"1149","C"
"1149","B"
"1149","A"
"1148","H"
"1148","G"
"1148","F"
"1148","E"
"1148","D"
"1148","C"
"1148","B"
"1148","A"
"1147","F"
"1147","E"
"1147","D"
"1147","C"
"1147","B"
"1147","A"
"1146","H"
"1146","G"
"1146","F"
"1146","E"
"1146","D"
"1146","C"
"1146","B"
"1146","A"
"1145","G"
"1145","F"
"1145","E"
"1145","D"
"1145","C"
"1145","B"
"1145","A"
"1144","G"
"1144","F"
"1144","E"
"1144","D"
"1144","C"
"1144","B"
"1144","A"
"1143","C"
"1143","B"
"1143","A"
"1142","E"
"1142","D"
"1142","C"
"1142","B"
"1142","A"
"1141","G"
"1141","F2"
"1141","F1"
"1141","E"
"1141","D"
"1141","C"
"1141","B"
"1141","A"
"1140","G"
"1140","F"
"1140","E"
"1140","D"
"1140","C"
"1140","B"
"1140","A"
"1139","F"
"1139","E"
"1139","D"
"1139","C"
"1139","B"
"1139","A"
"1138","B"
"1138","A"
"1137","F"
"1137","E"
"1137","D"
"1137","C"
"1137","B"
"1137","A"
"1136","E"
"1136","D"
"1136","C"
"1136","B"
"1136","A"
"1133","F2"
"1133","F1"
"1133","E"
"1133","D"
"1133","C"
"1133","B"
"1133","A"
"1132","G"
"1132","F"
"1132","E"
"1132","D"
"1132","C"
"1132","B"
"1132","A"
"1131","G"
"1131","F"
"1131","E"
"1131","D"
"1131","C"
"1131","B"
"1131","A"
"1130","C"
"1130","B"
"1130","A"
"1129","E"
"1129","D"
"1129","C"
"1129","B"
"1129","A2"
"1129","A1"
"1121","C"
"1121","B"
"1121","A"
"1120","F"
"1120","E"
"1120","D"
"1120","C"
"1120","B"
"1120","A"
"1119","H"
"1119","G"
"1119","F"
"1119","E"
"1119","D"
"1119","C"
"1119","B"
"1119","A"
"1118","F2"
"1118","F1"
"1118","E"
"1118","D2"
"1118","D1"
"1118","C"
"1118","B"
"1118","A"
"1117","G"
"1117","F"
"1117","E"
"1117","D"
"1117","C"
"1117","B"
"1117","A"
"1116","D6"
"1116","D5"
"1116","D4"
"1116","D3"
"1116","D2"
"1116","D1"
"1116","C3"
"1116","C2"
"1116","C1"
"1116","B2"
"1116","B1"
"1116","A2"
"1116","A1"
"1115","U3"
"1115","U2"
"1115","U1"
"1115","G3"
"1115","G2"
"1115","G1"
"1114","F"
"1114","E"
"1114","D"
"1114","C"
"1114","B"
"1114","A"
"1113","B"
"1113","A"
"1111","E"
"1111","D"
"1111","C"
"1111","B"
"1111","A"
"1110","H"
"1110","G"
"1110","F"
"1110","E"
"1110","D"
"1110","C"
"1110","B"
"1110","A"
"1109","F"
"1109","E"
"1109","D"
"1109","C"
"1109","B"
"1109","A"
"1108","F"
"1108","E2"
"1108","E1"
"1108","D"
"1108","C"
"1108","B"
"1108","A"
"1107","G"
"1107","F"
"1107","E"
"1107","D"
"1107","C"
"1107","B"
"1107","A"
"1106","F"
"1106","E"
"1106","D"
"1106","C"
"1106","B"
"1106","A"
"1105","E"
"1105","D"
"1105","C"
"1105","B"
"1105","A"
"1104","B"
"1104","A"
"1103","E"
"1103","D"
"1103","C"
"1103","B"
"1103","A"
"1102","F"
"1102","E"
"1102","D"
"1102","C"
"1102","B"
"1102","A"
"1101","G"
"1101","F"
"1101","E"
"1101","D"
"1101","C"
"1101","B"
"1101","A"
"1100","F"
"1100","E"
"1100","D"
"1100","C"
"1100","B"
"1100","A"
"1099","F"
"1099","C"
"1099","B"
"1099","A"
"1098","F"
"1098","E"
"1098","D"
"1098","C"
"1098","B"
"1098","A"
"1097","H"
"1097","G"
"1097","F"
"1097","E"
"1097","D"
"1097","C"
"1097","B"
"1097","A"
"1096","G"
"1096","F"
"1096","E"
"1096","D"
"1096","C"
"1096","B"
"1096","A"
"1095","F"
"1095","E"
"1095","D"
"1095","C"
"1095","B"
"1095","A"
"1093","G"
"1093","F"
"1093","E"
"1093","D"
"1093","C"
"1093","B"
"1093","A"
"1092","F"
"1092","E"
"1092","D2"
"1092","D1"
"1092","C"
"1092","B"
"1092","A"
"1091","H"
"1091","G"
"1091","F"
"1091","E"
"1091","D"
"1091","C"
"1091","B"
"1091","A"
"1090","M"
"1090","L"
"1090","K"
"1090","J"
"1090","I"
"1090","H"
"1090","G"
"1090","F"
"1090","E"
"1090","D"
"1090","C"
"1090","B"
"1090","A"
"1089","M"
"1089","L"
"1089","K"
"1089","J"
"1089","I"
"1089","H"
"1089","G"
"1089","F"
"1089","E"
"1089","D"
"1089","C"
"1089","B"
"1089","A"
"1088","F"
"1088","E"
"1088","D"
"1088","C"
"1088","B"
"1088","A"
"1086","F"
"1085","G"
"1085","F"
"1085","E"
"1085","D"
"1085","C"
"1085","B"
"1085","A"
"1084","C"
"1084","B"
"1084","A"
"1083","F"
"1083","E"
"1083","D"
"1083","C"
"1083","B"
"1083","A"
"1082","G"
"1082","F"
"1082","E"
"1082","D"
"1082","C"
"1082","B"
"1082","A"
"1081","H"
"1081","G"
"1081","F"
"1081","E"
"1081","D"
"1081","C"
"1081","B"
"1081","A"
"1080","F"
"1080","E"
"1080","D"
"1080","C"
"1080","B"
"1080","A"
"1078","E"
"1077","F2"
"1077","F1"
"1077","E"
"1077","D"
"1077","C"
"1077","B"
"1077","A"
"1076","G"
"1076","F"
"1076","E"
"1076","D"
"1076","C"
"1076","B"
"1076","A"
"1075","B"
"1075","A"
"1073","G"
"1073","F"
"1073","E"
"1073","D"
"1073","C"
"1073","B"
"1073","A"
"1071","E"
"1070","M"
"1070","L"
"1070","K"
"1070","J"
"1070","I"
"1070","H"
"1070","G"
"1070","F"
"1070","E"
"1070","D"
"1070","C"
"1070","B"
"1070","A"
"1068","C"
"1068","B"
"1068","A"
"1067","E"
"1067","D"
"1067","C"
"1067","B"
"1067","A"
"1066","F"
"1066","E"
"1066","D"
"1066","C"
"1066","B"
"1066","A"
"1065","G"
"1065","F"
"1065","E"
"1065","D"
"1065","C"
"1065","B"
"1065","A"
"1064","B"
"1064","A"
"1063","F"
"1063","E"
"1063","D"
"1063","C"
"1063","B"
"1063","A"
"1062","F"
"1062","E"
"1062","D"
"1062","C"
"1062","B"
"1062","A"
"1061","F"
"1061","E"
"1061","D"
"1061","C"
"1061","B"
"1061","A"
"1060","H"
"1060","G"
"1060","F"
"1060","E"
"1060","D"
"1060","C"
"1060","B"
"1060","A"
"1059","E"
"1059","D"
"1059","C"
"1059","B"
"1059","A"
"1057","C"
"1057","B"
"1057","A"
"1056","H"
"1056","G"
"1056","F"
"1056","E"
"1056","D"
"1056","C"
"1056","B"
"1056","A"
"1055","G"
"1055","F"
"1055","E"
"1055","D"
"1055","C"
"1055","B"
"1055","A"
"1054","H"
"1054","G"
"1054","F"
"1054","E"
"1054","D"
"1054","C"
"1054","B"
"1054","A"
"1053","E"
"1051","G"
"1051","F"
"1051","E"
"1051","D"
"1051","C"
"1051","B"
"1051","A"
"1047","B"
"1047","A"
"1046","I"
"1046","F"
"1046","C"
"1045","J"
"1045","I"
"1045","H"
"1045","G"
"1045","F"
"1045","E"
"1045","D"
"1045","C"
"1045","B"
"1045","A"
"1044","F"
"1044","E"
"1044","D"
"1044","C"
"1044","B"
"1044","A"
"1043","G"
"1043","F"
"1043","E"
"1043","D"
"1043","C"
"1043","B"
"1043","A"
"1042","F"
"1042","E"
"1042","D"
"1042","C"
"1042","B"
"1042","A"
"1041","F"
"1041","E"
"1041","D"
"1041","C"
"1041","B"
"1041","A"
"1040","B"
"1040","A"
"1039","E"
"1039","D"
"1039","C"
"1039","B"
"1039","A"
"1038","F"
"1038","E"
"1038","D"
"1038","C"
"1038","B"
"1038","A"
"1037","H"
"1037","G"
"1037","F"
"1037","E"
"1037","D"
"1037","C"
"1037","B"
"1037","A"
"1036","G"
"1036","F"
"1036","E"
"1036","D"
"1036","C"
"1036","B"
"1036","A"
"1034","E"
"1034","D"
"1034","C"
"1034","B"
"1034","A"
"1033","G"
"1033","F"
"1033","E"
"1033","D"
"1033","C"
"1033","B"
"1033","A"
"1032","G"
"1032","F"
"1032","E"
"1032","D"
"1032","C"
"1032","B"
"1032","A"
"1031","F"
"1031","E"
"1031","D"
"1031","C"
"1031","B"
"1031","A"
"1030","G"
"1030","F"
"1030","E"
"1030","D"
"1030","C"
"1030","B"
"1030","A"
"1029","F"
"1029","E"
"1029","D"
"1029","C"
"1029","B"
"1029","A"
"1028","H"
"1028","G"
"1028","F"
"1028","E"
"1028","D"
"1028","C"
"1028","B"
"1028","A"
"1027","G"
"1027","F"
"1027","E"
"1027","D"
"1027","C"
"1027","B"
"1027","A"
"1025","G"
"1025","F"
"1025","E"
"1025","D"
"1025","C"
"1025","B"
"1025","A"
"1023","G"
"1023","F"
"1023","E"
"1023","D"
"1023","C"
"1023","B"
"1023","A"
"1020","B"
"1020","A"
"1019","E"
"1019","D"
"1019","C"
"1019","B"
"1019","A"
"1017","H"
"1017","G"
"1017","F"
"1017","E"
"1017","D"
"1017","C"
"1017","B"
"1017","A"
"1016","G"
"1016","F"
"1016","E"
"1016","D"
"1016","C"
"1016","B"
"1016","A"
"1015","F"
"1015","E2"
"1015","E1"
"1015","D"
"1015","C"
"1015","B"
"1015","A"
"1013","B"
"1013","A"
"1012","F"
"1012","E"
"1012","D"
"1012","C"
"1012","B"
"1012","A"
"1011","B"
"1011","A"
"1010","F"
"1010","E"
"1010","D"
"1010","C"
"1010","B"
"1010","A"
"1009","G"
"1009","F"
"1009","E"
"1009","D"
"1009","C"
"1009","B"
"1009","A"
"1008","B"
"1008","A"
"1007","E"
"1007","D"
"1007","C"
"1007","B"
"1007","A"
"1006","F"
"1006","E"
"1006","D"
"1006","C"
"1006","B"
"1006","A"
"1005","F"
"1005","E2"
"1005","E1"
"1005","D"
"1005","C"
"1005","B"
"1005","A"
"1004","F"
"1004","E"
"1004","D"
"1004","C"
"1004","B"
"1004","A"
"1003","F"
"1003","E"
"1003","D"
"1003","C"
"1003","B"
"1003","A"
"1002","E2"
"1002","E1"
"1002","D3"
"1002","D2"
"1002","D1"
"1002","C2"
"1002","C1"
"1002","B4"
"1002","B3"
"1002","B2"
"1002","B1"
"1002","A4"
"1002","A3"
"1002","A2"
"1002","A1"
"1001","I"
"1001","H"
"1001","G"
"1001","F"
"1001","E"
"1001","D"
"1001","C"
"1001","B"
"1001","A"
"1000","G"
"1000","F"
"1000","E"
"1000","D"
"1000","C"
"1000","B"
"1000","A"
"999","F"
"999","E"
"999","D"
"999","C"
"999","B"
"999","A"
"998","B"
"998","A"
"997","E"
"997","D"
"997","C"
"997","B"
"997","A"
"996","B"
"996","A"
"995","F"
"995","E"
"995","D"
"995","C"
"995","B"
"995","A"
"994","B"
"994","A"
"993","F"
"993","E"
"993","D"
"993","C"
"993","B"
"993","A"
"992","E"
"992","D"
"992","C"
"992","B"
"992","A"
"991","F"
"991","E"
"991","D"
"991","C"
"991","B"
"991","A"
"990","G"
"990","F"
"990","E"
"990","D"
"990","C"
"990","B"
"990","A"
"989","E"
"989","D"
"989","C"
"989","B"
"989","A"
"988","F"
"988","E"
"988","D"
"988","C"
"988","B"
"988","A"
"987","C"
"987","B"
"987","A"
"986","F"
"986","E"
"986","D"
"986","C"
"986","B"
"986","A"
"985","G"
"985","F"
"985","E"
"985","D"
"985","C"
"985","B"
"985","A"
"984","B"
"984","A"
"983","E"
"983","D"
"983","C"
"983","B"
"983","A"
"982","F"
"982","E"
"982","D"
"982","C"
"982","B"
"982","A"
"981","H"
"981","G"
"981","F"
"981","E"
"981","D"
"981","C"
"981","B"
"981","A"
"980","F"
"980","E"
"980","D"
"980","C"
"980","B"
"980","A"
"979","E"
"979","D"
"979","C"
"979","B"
"979","A"
"978","G"
"978","F"
"978","E"
"978","D"
"978","C"
"978","B"
"978","A"
"977","F"
"977","E"
"977","D"
"977","C"
"977","B"
"977","A"
"976","F"
"976","E"
"976","D"
"976","C"
"976","B"
"976","A"
"975","E"
"975","D"
"975","C"
"975","B"
"975","A"
"967","B"
"967","A"
"965","E"
"965","D"
"965","C"
"965","B"
"965","A"
"964","B"
"964","A"
"963","E"
"963","D"
"963","C"
"963","B"
"963","A"
"962","G"
"962","F"
"962","E"
"962","D"
"962","C"
"962","B"
"962","A"
"961","G"
"961","F"
"961","E"
"961","D"
"961","C"
"961","B"
"961","A"
"960","H"
"960","G"
"960","F"
"960","E"
"960","D"
"960","C"
"960","B"
"960","A"
"959","F"
"959","E"
"959","D"
"959","C"
"959","B"
"959","A"
"958","F3"
"958","F2"
"958","F1"
"958","E3"
"958","E2"
"958","E1"
"958","D2"
"958","D1"
"958","C3"
"958","C2"
"958","C1"
"958","B2"
"958","B1"
"958","A3"
"958","A2"
"958","A1"
"957","A"
"955","F"
"955","E"
"955","D"
"955","C"
"955","B"
"955","A"
"954","I"
"954","H"
"954","G"
"954","F"
"954","E"
"954","D"
"954","C"
"954","B"
"954","A"
"952","G"
"952","F"
"952","E"
"952","D"
"952","C"
"952","B"
"952","A"
"950","B"
"950","A"
"949","F"
"949","E"
"949","D"
"949","C"
"949","B"
"949","A"
"948","A"
"946","G"
"946","F"
"946","E"
"946","D"
"946","C"
"946","B"
"946","A"
"940","F"
"940","E"
"940","D"
"940","C"
"940","B"
"940","A"
"939","F"
"939","E"
"939","D"
"939","C"
"939","B"
"939","A"
"938","G"
"938","F"
"938","E"
"938","D"
"938","C"
"938","B"
"938","A"
"937","B"
"937","A"
"936","E"
"936","D"
"936","C"
"936","B"
"936","A"
"935","F"
"935","E"
"935","D"
"935","C"
"935","B"
"935","A"
"934","B"
"934","A"
"933","E"
"933","D"
"933","C"
"933","B"
"933","A"
"932","G"
"932","F"
"932","E"
"932","D"
"932","C"
"932","B"
"932","A"
"931","C"
"931","B"
"931","A"
"930","E"
"930","D"
"930","C"
"930","B"
"930","A"
"929","D"
"929","C"
"929","B"
"929","A"
"928","D"
"928","C"
"928","B"
"928","A"
"927","A"
"926","J"
"926","I"
"926","H"
"926","G"
"926","F"
"926","E"
"926","D"
"926","C"
"926","B"
"926","A"
"925","F"
"925","E"
"925","D"
"925","C"
"925","B"
"925","A"
"924","F"
"924","E"
"924","D"
"924","C"
"924","B"
"924","A"
"923","F"
"923","E"
"923","D"
"923","C"
"923","B"
"923","A"
"922","F"
"922","E"
"922","D"
"922","C"
"922","B"
"922","A"
"921","14"
"921","13"
"921","12"
"921","11"
"921","10"
"921","09"
"921","08"
"921","07"
"921","06"
"921","05"
"921","04"
"921","03"
"921","02"
"921","01"
"920","G"
"920","F"
"920","E"
"920","D"
"920","C"
"920","B"
"920","A"
"919","F"
"919","E"
"919","D"
"919","C"
"919","B"
"919","A"
"918","B"
"918","A"
"917","E"
"917","D"
"917","C"
"917","B"
"917","A"
"916","E"
"916","D"
"916","C"
"916","B"
"916","A"
"915","G"
"915","F"
"915","E"
"915","D"
"915","C"
"915","B"
"915","A"
"914","H"
"914","G"
"914","F"
"914","E"
"914","D"
"914","C"
"914","B"
"914","A"
"913","H"
"913","G"
"913","F"
"913","E"
"913","D"
"913","C"
"913","B"
"913","A"
"912","E"
"912","D"
"912","C"
"912","B"
"912","A"
"911","G"
"911","F"
"911","E"
"911","D"
"911","C"
"911","B"
"911","A"
"910","C"
"910","B"
"910","A"
"909","F"
"909","E"
"909","D"
"909","C"
"909","B"
"909","A"
"908","H"
"908","G"
"908","F"
"908","E"
"908","D"
"908","C"
"908","B"
"908","A"
"907","B"
"907","A"
"906","E"
"906","D"
"906","C"
"906","B"
"906","A"
"903","G"
"903","F"
"903","E"
"903","D"
"903","C"
"903","B"
"903","A"
"902","B"
"902","A"
"901","E"
"901","D"
"901","C"
"901","B"
"901","A"
"900","E"
"900","D"
"900","C"
"900","B"
"900","A"
"899","F"
"899","E"
"899","D"
"899","C"
"899","B"
"899","A"
"898","F"
"898","E"
"898","D"
"898","C"
"898","B"
"898","A"
"897","B"
"897","A"
"896","E"
"896","D"
"896","C"
"896","B"
"896","A"
"895","E"
"895","D"
"895","C"
"895","B"
"895","A"
"894","E"
"894","D"
"894","C"
"894","B"
"894","A"
"893","F"
"893","E"
"893","D"
"893","C"
"893","B"
"893","A"
"892","B"
"892","A"
"891","E"
"891","D"
"891","C"
"891","B"
"891","A"
"889","E"
"888","G"
"888","F"
"888","E"
"888","D"
"888","C"
"888","B"
"888","A"
"887","F"
"887","E"
"887","D"
"887","C"
"887","B"
"887","A"
"886","F"
"886","E"
"886","D"
"886","C"
"886","B"
"886","A"
"884","F"
"884","E"
"884","D"
"884","C"
"884","B"
"884","A"
"883","M"
"883","L"
"883","K"
"883","J"
"883","I"
"883","H"
"883","G"
"883","F"
"883","E"
"883","D"
"883","C"
"883","B"
"883","A"
"879","B"
"879","A"
"878","E"
"878","D"
"878","C"
"878","B"
"878","A"
"877","F"
"877","E"
"877","D"
"877","C"
"877","B"
"877","A"
"876","B"
"876","A"
"875","F"
"875","E"
"875","D"
"875","C"
"875","B"
"875","A"
"873","F"
"873","E"
"873","D"
"873","C"
"873","B"
"873","A"
"871","E"
"870","F"
"870","E"
"870","D"
"870","C"
"870","B"
"870","A"
"869","E"
"869","D"
"869","C"
"869","B"
"869","A"
"868","G"
"868","F"
"868","E"
"868","D"
"868","C"
"868","B"
"868","A"
"867","A"
"865","G"
"865","F"
"865","E"
"865","D"
"865","C"
"865","B"
"865","A"
"864","F"
"864","E"
"864","D"
"864","C"
"864","B"
"864","A"
"863","G"
"863","F"
"863","E"
"863","D"
"863","C"
"863","B"
"863","A"
"862","F"
"862","E"
"862","D"
"862","C"
"862","B"
"862","A"
"860","E"
"859","G"
"859","F"
"859","E"
"859","D"
"859","C"
"859","B"
"859","A"
"858","F"
"858","E"
"858","D"
"858","C"
"858","B"
"858","A"
"856","F"
"856","E"
"856","D"
"856","C"
"856","B"
"856","A"
"855","G"
"855","F"
"855","E"
"855","D"
"855","C"
"855","B"
"855","A"
"854","B"
"854","A"
"853","E"
"853","D"
"853","C"
"853","B"
"853","A"
"852","I"
"852","H"
"852","G"
"852","F"
"852","E"
"852","D"
"852","C"
"852","B"
"852","A"
"851","B"
"851","A"
"850","F"
"850","E"
"850","D"
"850","C"
"850","B"
"850","A"
"849","B"
"849","A"
"848","E"
"848","D"
"848","C"
"848","B"
"848","A"
"847","M"
"847","L"
"847","K"
"847","J"
"847","I"
"847","H"
"847","G"
"847","F"
"847","E"
"847","D"
"847","C"
"847","B"
"847","A"
"846","F"
"846","E"
"846","D"
"846","C"
"846","B"
"846","A"
"845","G"
"845","F"
"845","E"
"845","D"
"845","C"
"845","B"
"845","A"
"844","B"
"844","A"
"843","E"
"843","D"
"843","C"
"843","B"
"843","A"
"842","E"
"842","D"
"842","C"
"842","B"
"842","A"
"841","B"
"841","A"
"840","E"
"840","D"
"840","C"
"840","B"
"840","A"
"839","E"
"839","D"
"839","C"
"839","B"
"839","A"
"838","F"
"838","E"
"838","D"
"838","C"
"838","B"
"838","A"
"837","G"
"837","F"
"837","E"
"837","D"
"837","C"
"837","B"
"837","A"
"835","F"
"835","E"
"835","D"
"835","C"
"835","B"
"835","A"
"834","B"
"834","A"
"833","E"
"833","D"
"833","C"
"833","B"
"833","A"
"832","E"
"832","D"
"832","C"
"832","B"
"832","A"
"831","C"
"831","B"
"831","A"
"830","E"
"830","D"
"830","C"
"830","B"
"830","A"
"828","B"
"828","A"
"827","F"
"827","E"
"827","D"
"827","C"
"827","B"
"827","A"
"825","G"
"825","F"
"825","E"
"825","D"
"825","C"
"825","B"
"825","A"
"822","F"
"822","E"
"822","D"
"822","C"
"822","B"
"822","A"
"821","E"
"821","D"
"821","C"
"821","B"
"821","A"
"820","B"
"820","A"
"819","E"
"819","D"
"819","C"
"819","B"
"819","A"
"818","G"
"818","F"
"818","E"
"818","D"
"818","C"
"818","B"
"818","A"
"817","F"
"817","E"
"817","D"
"817","C"
"817","B"
"817","A"
"816","B"
"816","A"
"815","E"
"815","D"
"815","C"
"815","B"
"815","A"
"814","E"
"814","D"
"814","C"
"814","B"
"814","A"
"813","F"
"813","E"
"813","D"
"813","C"
"813","B"
"813","A"
"812","E"
"812","D"
"812","C"
"812","B"
"812","A"
"811","E"
"811","D"
"811","C"
"811","B"
"811","A"
"810","B"
"810","A"
"809","E"
"809","D"
"809","C"
"809","B"
"809","A"
"808","G"
"808","F"
"808","E"
"808","D"
"808","C"
"808","B"
"808","A"
"807","B"
"807","A"
"805","B"
"805","A"
"804","F"
"804","E"
"804","D"
"804","C"
"804","B"
"804","A"
"803","G"
"803","F"
"803","E"
"803","D"
"803","C"
"803","B"
"803","A"
"802","O"
"802","N"
"802","M"
"802","L"
"802","K"
"802","J"
"802","I"
"802","H"
"802","G"
"802","F"
"802","E"
"802","D"
"802","C"
"802","B"
"802","A"
"801","B"
"801","A"
"799","G"
"799","F"
"799","E"
"799","D"
"799","C"
"799","B"
"799","A"
"798","E"
"798","D"
"798","C"
"798","B"
"798","A"
"797","F"
"797","E"
"797","D"
"797","C"
"797","B"
"797","A"
"796","F"
"796","E"
"796","D"
"796","C"
"796","B"
"796","A"
"794","G"
"794","F"
"794","E"
"794","D"
"794","C"
"794","B"
"794","A"
"793","G"
"793","F"
"793","E"
"793","D"
"793","C"
"793","B"
"793","A"
"792","F"
"792","E"
"792","D"
"792","C"
"792","B"
"792","A"
"791","A"
"789","B"
"789","A"
"788","E"
"788","D"
"788","C"
"788","B"
"788","A"
"787","B"
"787","A"
"786","E"
"786","D"
"786","C"
"786","B"
"786","A"
